user_input,retrieved_contexts,response,reference,faithfulness,answer_relevancy,context_recall,context_precision
What values are set to −∞ in the N × N QK⊺ matrix?,[],Greška: Connection error.,The upper-triangle portion of the comparisons matrix.,0.0,0.0,0.0,0.0
What type of optimization problem is learning in neural networks described as?,[],Greška: Connection error.,a non-convex optimization problem,0.0,0.0,0.0,0.0
What is the second step in the process described in the text?,[],Greška: Connection error.,Identification,0.0,0.0,0.0,0.0
How many instruction/response instances are included in the Aya instruct finetuning corpus?,[],Greška: Connection error.,204K,0.0,0.0,0.0,0.0
What is the selectional restriction on the THEME role of the verb eat in the hamburger example?,[],Greška: Connection error.,"{food, nutrient}",0.0,0.0,0.0,0.0
What type of parsers will be discussed in relation to constituents?,[],Greška: Connection error.,neural span-based parsers,0.0,0.0,0.0,0.0
How many transcribed conversations are included in the HKUST Mandarin Telephone Speech corpus?,[],Greška: Connection error.,1206,0.0,-0.0,0.0,0.0
Who are the authors of the paper on knowledge-based word sense disambiguation?,"['[Izvor 1 | str.592 | data\\book.pdf]\nshared task. CoNLL.\nChaplot, D. S. and R. Salakhutdinov.\n2018. Knowledge-based word sense\ndisambiguation using topic models.\nAAAI.\nCharniak, E. 1997.\nStatistical pars-\ning with a context-free grammar and\nword statistics. AAAI.\nCharniak, E., C. Hendrickson, N. Ja-\ncobson, and M. Perkowitz. 1993.\nEquations for part-of-speech tag-\nging. AAAI.\nChe, W., Z. Li, Y. Li, Y. Guo, B. Qin,\nand T. Liu. 2009.\nMultilingual\ndependency-based syntactic and se-\nmantic parsing. CoNLL.\nChen, C. and V. Ng. 2013.\nLinguis-\n\n---\n\n[Izvor 2 | str.596 | data\\book.pdf]\nand\nD. Yarowsky. 1992a. One sense per\ndiscourse. HLT.\nGale,\nW. A.,\nK. W. Church,\nand\nD. Yarowsky. 1992b. Work on sta-\ntistical methods for word sense dis-\nambiguation. AAAI Fall Symposium\non Probabilistic Approaches to Nat-\nural Language.\nGao, L., T. Hoppe, A. Thite, S. Bi-\nderman, C. Foster, N. Nabeshima,\nS. Black,\nJ. Phang,\nS. Presser,\nL. Golding, H. He, and C. Leahy.\n2020. The Pile: An 800GB dataset\nof diverse text for language model-\ning. ArXiv preprint.\nGao, T., H. Yen, J. Yu, and D. Chen.\n\n---\n\n[Izvor 3 | str.215 | data\\book.pdf]\nthat, although it can be clustered, doesn’t divide up into fully discrete senses.\nWord Sense Disambiguation\nThe task of selecting the correct sense for a word is called word sense disambigua-\ntion, or WSD. WSD algorithms take as input a word in context and a ﬁxed inventory\nword sense\ndisambiguation\nWSD\nof potential word senses (like the ones in WordNet) and outputs the correct word\nsense in context. Fig. 9.7 sketches out the task.\n2\n\n---\n\n[Izvor 4 | str.598 | data\\book.pdf]\n2009. The conll-2009 shared task:\nSyntactic and semantic dependen-\ncies in multiple languages. CoNLL.\nHakkani-T¨ur,\nD.,\nK.\nOﬂazer,\nand\nG. T¨ur. 2002. Statistical morpholog-\nical disambiguation for agglutinative\nlanguages.\nJournal of Computers\nand Humanities, 36(4):381–410.\nHalliday, M. A. K. and R. Hasan. 1976.\nCohesion in English. Longman. En-\nglish Language Series, Title No. 9.\nHamilton, W. L., K. Clark, J. Leskovec,\nand D. Jurafsky. 2016a.\nInducing\ndomain-speciﬁc sentiment lexicons\n\n---\n\n[Izvor 5 | str.608 | data\\book.pdf]\nHamp, D. G. Hays, C. F. Hockett,\nA. G. Oettinger, and A. J. Perlis.\n1966.\nLanguage and Machines:\nComputers in Translation and Lin-\nguistics.\nALPAC report. National\nAcademy of Sciences, National Re-\nsearch Council, Washington, DC.\nPilehvar,\nM.\nT.\nand\nJ.\nCamacho-\nCollados. 2019.\nWiC: the word-\nin-context\ndataset\nfor\nevaluating\ncontext-sensitive meaning represen-\ntations. NAACL HLT.\nPitler, E., A. Louis, and A. Nenkova.\n2009.\nAutomatic sense prediction\nfor implicit discourse relations in\ntext. ACL IJCNLP.']",The authors of the paper on knowledge-based word sense disambiguation are D. S. Chaplot and R. Salakhutdinov.,"Chaplot, D. S. and R. Salakhutdinov.",1.0,1.0000000000000002,1.0,0.9999999999
How many instructions does the Aya dataset provide?,"['[Izvor 1 | str.228 | data\\book.pdf]\n10.1\n•\nINSTRUCTION TUNING\n221\nMany huge instruction tuning datasets have been created, covering many tasks\nand languages. For example Aya gives 503 million instructions in 114 languages\nfrom 12 tasks including question answering, summarization, translation, paraphras-\ning, sentiment analysis, natural language inference and 6 others (Singh et al., 2024).\nSuperNatural Instructions has 12 million examples from 1600 tasks (Wang et al.,\n\n---\n\n[Izvor 2 | str.228 | data\\book.pdf]\n2022), Flan 2022 has 15 million examples from 1836 tasks (Longpre et al., 2023),\nand OPT-IML has 18 million examples from 2000 tasks (Iyer et al., 2022).\nThese instruction-tuning datasets are created in four ways. The ﬁrst is for people\nto write the instances directly. For example, part of the Aya instruct ﬁnetuning cor-\npus (Fig. 10.2) includes 204K instruction/response instances written by 3000 ﬂuent\nspeakers of 65 languages volunteering as part of a participatory research initiative\n\n---\n\n[Izvor 3 | str.612 | data\\book.pdf]\nW.-Y. Ko, H. Shandilya, J. Pa-\ntel, D. Mataciunas, L. O’Mahony,\nM. Zhang, R. Hettiarachchi, J. Wil-\nson, M. Machado, L. S. Moura,\nD. Krzemi´nski, H. Fadaei, I. Erg¨un,\nI. Okoh, A. Alaagib, O. Mudan-\nnayake, Z. Alyafeai, V. M. Chien,\nS. Ruder, S. Guthikonda, E. A.\nAlghamdi, S. Gehrmann, N. Muen-\nnighoff, M. Bartolo, J. Kreutzer,\nA.\n¨U ¨Ust¨un,\nM.\nFadaee,\nand\nS. Hooker. 2024. Aya dataset: An\nopen-access collection for multi-\nlingual instruction tuning.\nArXiv\npreprint.\nSleator, D. and D. Temperley. 1993.\n\n---\n\n[Izvor 4 | str.240 | data\\book.pdf]\na dataset of instructions together with correct responses. Instruction tuning\ndatasets are often created by repurposing standard NLP datasets for tasks like\nquestion answering or machine translation.\n\n---\n\n[Izvor 5 | str.360 | data\\book.pdf]\ncodebook \nStage 1 class induction\nStage 2 class induction\n1\n100\n100 units\n2\n1\n500\n500 units\n2\n39-d\n768-d\nFigure 15.10\nCreating the targets for the two stages of HuBERT training. In the ﬁrst stage,\n100 acoustic units are created by computing 39-dimensional MFCC vectors for the entire\ntraining data and then clustering them with k-means. In the second stage, 500 units are created\nby passing a subsample of the training data through the HuBERT model after the ﬁrst stage']",The Aya dataset provides 503 million instructions in 114 languages from 12 tasks.,503 million instructions,1.0,0.7418749308297407,1.0,0.9999999999
What is the distance of the satellite's orbit from the sun compared to Earth?,[],Greška: Got unsupported early_stopping_method `generate`,50 percent farther from the sun than Earth.,0.0,0.05232932612272942,0.0,0.0
What type of musician is mentioned in the text?,[],Greška: Got unsupported early_stopping_method `generate`,electric guitar and bass player,0.0,0.0,0.0,0.0
"What is the title of the paper by Prates, Avelar, and Lamb published in 2019?","['[Izvor 1 | str.609 | data\\book.pdf]\ntion.\nComputational Linguistics,\n40(4):921–950.\nPrates, M. O. R., P. H. Avelar, and L. C.\nLamb. 2019. Assessing gender bias\nin machine translation: a case study\nwith Google Translate. Neural Com-\nputing and Applications, 32:6363–\n6381.\nPrice,\nP. J.,\nW. Fisher,\nJ. Bern-\nstein, and D. Pallet. 1988.\nThe\nDARPA 1000-word resource man-\nagement database for continuous\nspeech recognition. ICASSP.\nPrice, P. J., M. Ostendorf, S. Shattuck-\nHufnagel, and C. Fong. 1991. The\nuse of prosody in syntactic disam-\n\n---\n\n[Izvor 2 | str.593 | data\\book.pdf]\nfernan,\nE.\nKalbassi,\nJ.\nLam,\nD. Licht,\nJ. Maillard,\nA. Sun,\nS. Wang, G. Wenzek, A. Young-\nblood,\nB.\nAkula,\nL.\nBarrault,\nG.\nM.\nGonzalez,\nP.\nHansanti,\nJ.\nHoffman,\nS.\nJarrett,\nK.\nR.\nSadagopan, D. Rowe, S. Spruit,\nC. Tran, P. Andrews, N. F. Ayan,\nS. Bhosale, S. Edunov, A. Fan,\nC. Gao, V. Goswami, F. Guzm´an,\nP. Koehn, A. Mourachko, C. Ropers,\nS. Saleem, H. Schwenk, J. Wang,\nand NLLB Team. 2022.\nNo lan-\nguage left behind: Scaling human-\ncentered machine translation. ArXiv.\nCover, T. M. and J. A. Thomas. 1991.\n\n---\n\n[Izvor 3 | str.614 | data\\book.pdf]\nLan-\nguage Resources and Evaluation,\n43(2):161–179.\nVerhagen,\nM.,\nI. Mani,\nR. Sauri,\nR. Knippen, S. B. Jang, J. Littman,\nA.\nRumshisky,\nJ.\nPhillips,\nand\nJ. Pustejovsky. 2005.\nAutomating\ntemporal annotation with TARSQI.\nACL.\nVersley, Y. 2008.\nVagueness and ref-\nerential ambiguity in a large-scale\nannotated corpus.\nResearch on\nLanguage and Computation, 6(3-\n4):333–353.\nVieira, R. and M. Poesio. 2000. An em-\npirically based system for process-\ning deﬁnite descriptions. Computa-\n\n---\n\n[Izvor 4 | str.614 | data\\book.pdf]\nand S. Skiena. 2016.\nOn the\nconvergent properties of word em-\nbedding methods.\nArXiv preprint\narXiv:1605.03956.\nTibshirani, R. J. 1996.\nRegression\nshrinkage and selection via the lasso.\nJournal of the Royal Statistical So-\nciety. Series B (Methodological),\n58(1):267–288.\nTimkey, W. and M. van Schijndel. 2021.\nAll bark and no bite: Rogue dimen-\nsions in transformer language mod-\nels obscure representational quality.\nEMNLP.\nTitov, I. and E. Khoddam. 2014. Unsu-\npervised induction of semantic roles\n\n---\n\n[Izvor 5 | str.604 | data\\book.pdf]\nLe, B. Zoph, J. Wei, and A. Roberts.\n2023. The Flan collection: Design-\ning data and methods for effective\ninstruction tuning. ICML.\nLongpre,\nS.,\nR. Mahari,\nA. Lee,\nC. Lund, H. Oderinwale, W. Bran-\nnon, N. Saxena, N. Obeng-Marnu,\nT. South, C. Hunter, et al. 2024a.\nConsent in crisis: The rapid decline\nof the ai data commons.\nArXiv\npreprint.\nLongpre, S., G. Yauney, E. Reif, K. Lee,\nA. Roberts, B. Zoph, D. Zhou,\nJ. Wei, K. Robinson, D. Mimno, and\nD. Ippolito. 2024b.\nA pretrainer’s']","The title of the paper by Prates, Avelar, and Lamb published in 2019 is ""Assessing gender bias in machine translation: a case study with Google Translate.""",Assessing gender bias in machine translation: a case study with Google Translate.,1.0,0.9968756721498915,1.0,0.9999999999
Who are the authors of the paper titled 'Anaphora for everyone: Pronominal anaphora resolution without a parser'?,"['[Izvor 1 | str.529 | data\\book.pdf]\nanaphor\nnite NP the 38-year-old are therefore anaphoric. The anaphor corefers with a prior\nmention (in this case Victoria Chen) that is called the antecedent. Not every refer-\nantecedent\nring expression is an antecedent. An entity that has only a single mention in a text\n(like Lotsabucks in (23.1)) is called a singleton.\nsingleton\nIn this chapter we focus on the task of coreference resolution. Coreference\ncoreference\nresolution\nresolution is the task of determining whether two mentions corefer, by which we\n\n---\n\n[Izvor 2 | str.608 | data\\book.pdf]\nnio, and J. Hitzeman. 2004. Center-\ning: A parametric theory and its in-\nstantiations. Computational Linguis-\ntics, 30(3):309–363.\nPoesio, M., R. Stuckardt, and Y. Ver-\nsley. 2016.\nAnaphora resolution:\nAlgorithms, resources, and applica-\ntions. Springer.\nPoesio, M., P. Sturt, R. Artstein, and\nR. Filik. 2006.\nUnderspeciﬁcation\nand anaphora:\nTheoretical issues\nand preliminary evidence. Discourse\nprocesses, 42(2):157–175.\nPoesio, M. and R. Vieira. 1998.\nA\ncorpus-based investigation of deﬁ-\n\n---\n\n[Izvor 3 | str.531 | data\\book.pdf]\ntexts are non-anaphoric, often because they are the ﬁrst time an entity is mentioned\n(Poesio and Vieira 1998, Bean and Riloff 1999).\nPronouns:\nAnother form of deﬁnite reference is pronominalization, used for enti-\nties that are extremely salient in the discourse, (as we discuss below):\n(23.10) Emma smiled and chatted as cheerfully as she could,\nPronouns can also participate in cataphora, in which they are mentioned before\ncataphora\ntheir referents are, as in (23.11).\n\n---\n\n[Izvor 4 | str.601 | data\\book.pdf]\nican\nLanguage\nProject.\nhttp:\n//oraal.uoregon.edu/coraal.\nKennedy, C. and B. K. Boguraev. 1996.\nAnaphora for everyone: Pronomi-\nnal anaphora resolution without a\nparser. COLING.\nKhandelwal, U., O. Levy, D. Juraf-\nsky, L. Zettlemoyer, and M. Lewis.\n2019. Generalization through mem-\norization:\nNearest neighbor lan-\nguage models. ICLR.\nKhattab, O., C. Potts, and M. Zaharia.\n2021. Relevance-guided supervision\nfor OpenQA with ColBERT. TACL,\n9:929–944.\nKhattab, O., A. Singhvi, P. Mahesh-\nwari,\nZ. Zhang,\n\n---\n\n[Izvor 5 | str.602 | data\\book.pdf]\nlation. HLT-NAACL.\nKoenig, W., H. K. Dunn, and L. Y.\nLacy. 1946. The sound spectrograph.\nJASA, 18:19–49.\nKolhatkar, V., A. Roussel, S. Dipper,\nand H. Zinsmeister. 2018. Anaphora\nwith non-nominal antecedents in\ncomputational linguistics:\nA sur-\nvey.\nComputational Linguistics,\n44(3):547–612.\nKreutzer, J., I. Caswell, L. Wang,\nA. Wahab, D. van Esch, N. Ulzii-\nOrshikh,\nA.\nTapo,\nN.\nSubra-\nmani,\nA. Sokolov,\nC. Sikasote,\nM. Setyawan, S. Sarin, S. Samb,\nB. Sagot, C. Rivera, A. Rios, I. Pa-']",The authors of the paper titled 'Anaphora for everyone: Pronominal anaphora resolution without a parser' are C. Kennedy and B. K. Boguraev.,C. Kennedy and B. K. Boguraev,1.0,0.9999995294729732,1.0,0.9999999999
What are the main dental sounds in English?,"['[Izvor 1 | str.321 | data\\book.pdf]\n314\nCHAPTER 14\n•\nPHONETICS AND SPEECH FEATURE EXTRACTION\n(nasal tract)\ndental\nbilabial\nglottal\npalatal\nvelar\nalveolar\nFigure 14.5\nMajor English places of articulation.\nDental: Sounds that are made by placing the tongue against the teeth are dentals.\ndental\nThe main dentals in English are the [th] of thing and the [dh] of though, which\nare made by placing the tongue behind the teeth with the tip slightly between\nthe teeth.\nAlveolar: The alveolar ridge is the portion of the roof of the mouth just behind the\n\n---\n\n[Izvor 2 | str.321 | data\\book.pdf]\nalveolar\nupper teeth. Most speakers of American English make the phones [s], [z], [t],\nand [d] by placing the tip of the tongue against the alveolar ridge. The word\ncoronal is often used to refer to both dental and alveolar.\nPalatal: The roof of the mouth (the palate) rises sharply from the back of the\npalatal\npalate\nalveolar ridge. The palato-alveolar sounds [sh] (shrimp), [ch] (china), [zh]\n(Asian), and [jh] (jar) are made with the blade of the tongue against the rising\n\n---\n\n[Izvor 3 | str.619 | data\\book.pdf]\ndental sound, 314\ndependency\ngrammar, 431\ndependency tree, 434\ndependent, 432\ndepth, 344\nderivation\ndirect (in a formal\nlanguage), 412\nsyntactic, 409, 409, 412,\n412\nDerivational morphemes, 8\nDet, 408\ndeterminer, 384, 408\nDeterminers, 384\nDevanagari, 10\ndevelopment set, 44\ndevelopment test set, 85\ndevelopment test set\n(dev-test), 45\ndevset, see development\ntest set (dev-test), 85\nDFT, 333\ndialogue act, 577\nacknowledgment, 575\nbackchannel, 575\ncontinuer, 575\ndialogue acts\naccept, 579\ncheck, 579\nhold, 579\n\n---\n\n[Izvor 4 | str.322 | data\\book.pdf]\n14.2\n•\nARTICULATORY PHONETICS\n315\nalveolar ridge, forcing air over the edge of the teeth. In the palato-alveolar fricatives\n[sh] and [zh], the tongue is at the back of the alveolar ridge, forcing air through a\ngroove formed in the tongue. The higher-pitched fricatives (in English [s], [z], [sh]\nand [zh]) are called sibilants. Stops that are followed immediately by fricatives are\nsibilants\ncalled affricates; these include English [ch] (chicken) and [jh] (giraffe).\n\n---\n\n[Izvor 5 | str.321 | data\\book.pdf]\nteeth. The alveolar fricatives [s] and [z] are produced with the tongue against the']","The main dental sounds in English are the [th] of ""thing"" and the [dh] of ""though,"" which are produced by placing the tongue behind the teeth with the tip slightly between the teeth.",[th] of thing and the [dh] of though,0.6,0.9999997089204132,1.0,0.9999999999
What does the decoder generate from the quantizer output vector zqt?,"['[Izvor 1 | str.375 | data\\book.pdf]\nwaveform, and represents it by a sequence of discrete tokens each taken from\none of the Nc codebooks, qt = qt,1,qt,2,...,qt,Nc. The vector quantizer also\nsums the vector codewords from each codebook to create a quantizer output\nvector zqt.\n3. a decoder that generates a lossy reconstructed waveform span ˆx from the\nquantizer output vector zqt.\nAudio tokenizers are generally learned end-to-end, using loss functions that re-\nward a tokenization that allows the system to reconstruct the input waveform.\n\n---\n\n[Izvor 2 | str.374 | data\\book.pdf]\nadapted from Mousavi et al. (2025). An input waveform x is encoded (generally using a series\nof downsampling convolution networks) into a series of embeddings zt. Each embedding is\nthen passed through a quantizer to produce a series of quantized tokens qt. To regenerate the\nspeech signal, the quantized tokens are re-mapped back to a vector zqt and then encoded (usu-\nally using a series of upsampling convolution networks) back to a waveform. We’ll discuss\nhow the architecture is trained in Section 16.2.4.\n\n---\n\n[Izvor 3 | str.376 | data\\book.pdf]\na waveform via a symmetric set of convnets that upsample the audio.\nIn summary, a 24kHz waveform comes through, we encode/downsample it into\na vector zt of dimensionality D = 256, quantize it into discrete symbols qt, turn it\nback into a vector zqt of dimensionality D = 256, and then decode/upsample that\nvector back into a waveform at 24kHz.\n16.2.2\nVector Quantization\nThe goal of the vector quantization or VQ step is to turn a series of vectors into a\nvector\nquantization\nVQ\nseries of discrete symbols.\n\n---\n\n[Izvor 4 | str.376 | data\\book.pdf]\nunits that add a convolution to the prior input.\nThe output of the encoder is an embedding zt at time t, 75 of which are produced\nper second. This embedding is then quantized (as discussed in the next section),\nturning each embedding zt into a series of Nc discrete symbols qt = qt,1,qt,2,...,qt,Nc,\nand also turning the series of symbols into a new quantizer output vector zqt. Fi-\nnally, the decoder takes the output embedding from the quantizer zqt and generates\n\n---\n\n[Izvor 5 | str.379 | data\\book.pdf]\nestimator (Van Den Oord et al., 2017).\nBut then we need a method to make sure the code words in the vector quantizer\nstep get updated during training. One method is to start these off using k-means\nclustering of the vectors zt to get an initial clustering. Then we can add to a loss\ncomponent, LVQ, which will be a function of the difference between the encoder']",The decoder generates a lossy reconstructed waveform from the quantizer output vector zqt.,A lossy reconstructed waveform span ˆx.,1.0,0.9999996486259003,1.0,0.9999999999
What is the role of the phrase 'someplace nearby' in the sensible interpretation of the sentence?,"['[Izvor 1 | str.499 | data\\book.pdf]\nthe sensible interpretation, eat is intransitive and the phrase someplace nearby is\nan adjunct that gives the location of the eating event. In the nonsensical speaker-as-\nGodzilla interpretation, eat is transitive and the phrase someplace nearby is the direct\nobject and the THEME of the eating, like the NP Malaysian food in the following\nsentences:\n(21.30)\nI want to eat Malaysian food.\nHow do we know that someplace nearby isn’t the direct object in this sentence?\n\n---\n\n[Izvor 2 | str.476 | data\\book.pdf]\n6:45 or afterwards.\n(20.20) I’d like to go at 6:45 in the morning.\n(20.21) Somewhere around noon, please.\n(20.22) I want to take the train back afterwards.\nIncidentally, temporal expressions display a fascinating metaphorical conceptual\norganization. Temporal expressions in English are frequently expressed in spatial\nterms, as is illustrated by the various uses of at, in, somewhere, and near in these\nexamples (Lakoff and Johnson 1980, Jackendoff 1983). Metaphorical organizations\n\n---\n\n[Izvor 3 | str.108 | data\\book.pdf]\nword co-occur nearby in some training corpus.\nWhat do we mean by ‘nearby’? We could implement various methods, but let’s\nstart with a very simple one: a context window around the word, let’s say of 4 words\nto the left and 4 words to the right. If we do that, each cell will represents the\nnumber of times (in some training corpus) the column word occurs in such a ±4\nword window around the row word.\nLet’s see how this works for 4 words: cherry, strawberry, digital, and informa-\n\n---\n\n[Izvor 4 | str.534 | data\\book.pdf]\n23.1\n•\nCOREFERENCE PHENOMENA: LINGUISTIC BACKGROUND\n527\nAppositives:\nAn appositional structure is a noun phrase that appears next to a\nhead noun phrase, describing the head. In English they often appear in commas, like\n“a unit of UAL” appearing in apposition to the NP United, or CFO of Megabucks\nBanking in apposition to Victoria Chen.\n(23.23) Victoria Chen, CFO of Megabucks Banking, saw ...\n(23.24) United, a unit of UAL, matched the fares.\n\n---\n\n[Izvor 5 | str.182 | data\\book.pdf]\nIn (8.1) it is the chicken (i.e., the reader knows that the chicken was tired), while\nin (8.2) it is the road (and the reader knows that the road was wide).1 That is, if\nwe are to compute the meaning of this sentence, we’ll need the meaning of it to be\nassociated with the chicken in the ﬁrst sentence and associated with the road in\nthe second one, sensitive to the context.\nFurthermore, consider reading left to right like a causal language model, pro-\ncessing the sentence up to the word it:', '[Izvor 1 | str.499 | data\\book.pdf]\nthe sensible interpretation, eat is intransitive and the phrase someplace nearby is\nan adjunct that gives the location of the eating event. In the nonsensical speaker-as-\nGodzilla interpretation, eat is transitive and the phrase someplace nearby is the direct\nobject and the THEME of the eating, like the NP Malaysian food in the following\nsentences:\n(21.30)\nI want to eat Malaysian food.\nHow do we know that someplace nearby isn’t the direct object in this sentence?\n\n---\n\n[Izvor 2 | str.476 | data\\book.pdf]\n6:45 or afterwards.\n(20.20) I’d like to go at 6:45 in the morning.\n(20.21) Somewhere around noon, please.\n(20.22) I want to take the train back afterwards.\nIncidentally, temporal expressions display a fascinating metaphorical conceptual\norganization. Temporal expressions in English are frequently expressed in spatial\nterms, as is illustrated by the various uses of at, in, somewhere, and near in these\nexamples (Lakoff and Johnson 1980, Jackendoff 1983). Metaphorical organizations\n\n---\n\n[Izvor 3 | str.108 | data\\book.pdf]\nword co-occur nearby in some training corpus.\nWhat do we mean by ‘nearby’? We could implement various methods, but let’s\nstart with a very simple one: a context window around the word, let’s say of 4 words\nto the left and 4 words to the right. If we do that, each cell will represents the\nnumber of times (in some training corpus) the column word occurs in such a ±4\nword window around the row word.\nLet’s see how this works for 4 words: cherry, strawberry, digital, and informa-\n\n---\n\n[Izvor 4 | str.534 | data\\book.pdf]\n23.1\n•\nCOREFERENCE PHENOMENA: LINGUISTIC BACKGROUND\n527\nAppositives:\nAn appositional structure is a noun phrase that appears next to a\nhead noun phrase, describing the head. In English they often appear in commas, like\n“a unit of UAL” appearing in apposition to the NP United, or CFO of Megabucks\nBanking in apposition to Victoria Chen.\n(23.23) Victoria Chen, CFO of Megabucks Banking, saw ...\n(23.24) United, a unit of UAL, matched the fares.\n\n---\n\n[Izvor 5 | str.182 | data\\book.pdf]\nIn (8.1) it is the chicken (i.e., the reader knows that the chicken was tired), while\nin (8.2) it is the road (and the reader knows that the road was wide).1 That is, if\nwe are to compute the meaning of this sentence, we’ll need the meaning of it to be\nassociated with the chicken in the ﬁrst sentence and associated with the road in\nthe second one, sensitive to the context.\nFurthermore, consider reading left to right like a causal language model, pro-\ncessing the sentence up to the word it:']","The phrase 'someplace nearby' serves as an adjunct that provides the location of the eating event in a sensible interpretation. In contrast, in a nonsensical interpretation, it could be misconstrued as the direct object of the verb 'eat'.",It is an adjunct that gives the location of the eating event.,1.0,0.7173134984228731,1.0,0.99999999995
What is the task called that involves detecting whether a user is done speaking?,"['[Izvor 1 | str.581 | data\\book.pdf]\nSpoken language models must also detect whether a user is done speaking, so\nthey can process the utterance and respond. This task—called endpointing or end-\nendpointing\npoint detection— can be quite challenging because of noise and because people\noften pause in the middle of turns.\n25.1.2\nSpeech Acts\nA key insight into conversation—due originally to the philosopher Wittgenstein\n(1953) but worked out more fully by Austin (1962)—is that each utterance in a\n\n---\n\n[Izvor 2 | str.581 | data\\book.pdf]\nto know when to stop talking; the client interrupts (in A16 and C17), so a system\nthat was performing this role must know to stop talking (and that the user might be\nmaking a correction).\nThe same issues come up for LLMs; a system also has to know when to start\ntalking. For example, most of the time in conversation, speakers start their turns\nalmost immediately after the other speaker ﬁnishes, without a long pause, because\npeople are can usually predict when the other person is about to ﬁnish talking.\n\n---\n\n[Izvor 3 | str.383 | data\\book.pdf]\nrobust the synthesized output is. Or for measuring how well the voice output of the\nTTS system matches the enrolled voice, we can treat the task as if it were speaker\nveriﬁcation, passing the two voices to a speaker veriﬁcation system and using the\nresulting score as a similarity score.\n16.5\nOther speech tasks\nThere are a wide variety of other speech-related tasks.\nSpeaker diarization is the task of determining ‘who spoke when’ in a long\nspeaker\ndiarization\n\n---\n\n[Izvor 4 | str.383 | data\\book.pdf]\ntrying to match a speaker’s voice against a database of many speakers.\nIn the task of language identiﬁcation, we are given a waveﬁle and must identify\nlanguage\nidentiﬁcation\nwhich language is being spoken; this is an important part of building multilingual\nmodels, creating datasets, and even plays a role in online systems.\nThe task of wake word detection is to detect a word or short phrase, usually in\nwake word\norder to wake up a voice-enable assistant like Alexa, Siri, or the Google Assistant.\n\n---\n\n[Izvor 5 | str.582 | data\\book.pdf]\na sort of speech act. In the acceptance phase, the hearer has to ground the utterance,\nindicating to the speaker whether understanding was achieved.\nWhat methods can the hearer B use to ground the speaker A’s utterance? Clark\nand Schaefer (1989) discuss a continuum of methods ordered from weakest to strongest:\nContinued attention:\nB shows she is continuing to attend and therefore remains satisﬁed with\nA’s presentation.\nNext contribution:\nB starts in on the next relevant contribution.\nAcknowledgment:']",The task that involves detecting whether a user is done speaking is called endpointing or end-point detection.,endpointing or endpoint detection,0.5,0.9999999999999998,1.0,0.9999999999
What does the activation value of the hidden layer in a simple recurrent neural network depend on?,"['[Izvor 1 | str.304 | data\\book.pdf]\nusual recurrent hidden layer), and through the use of specialized neural units that\nmake use of gates to control the ﬂow of information into and out of the units that\n\n---\n\n[Izvor 2 | str.292 | data\\book.pdf]\n13.1\n•\nRECURRENT NEURAL NETWORKS\n285\nxt\nht\nyt\nFigure 13.1\nSimple recurrent neural network after Elman (1990). The hidden layer in-\ncludes a recurrent connection as part of its input. That is, the activation value of the hidden\nlayer depends on the current input as well as the activation value of the hidden layer from the\nprevious time step.\nsubscripts to represent time, thus xt will mean the input vector x at time t. The key\ndifference from a feedforward network lies in the recurrent link shown in the ﬁgure\n\n---\n\n[Izvor 3 | str.292 | data\\book.pdf]\ninformation extending back to the beginning of the sequence.\nAdding this temporal dimension makes RNNs appear to be more complex than\nnon-recurrent architectures. But in reality, they’re not all that different. Given an\ninput vector and the values for the hidden layer from the previous time step, we’re\nstill performing the standard feedforward calculation introduced in Chapter 6. To\nsee this, consider Fig. 13.2 which clariﬁes the nature of the recurrence and how it\n\n---\n\n[Izvor 4 | str.306 | data\\book.pdf]\nto go with it. However, there is still a single activation function and output.\nThe increased complexity of the LSTM units is encapsulated within the unit\nitself. The only additional external complexity for the LSTM over the basic recurrent\nunit (b) is the presence of the additional context vector as an input and output.\nThis modularity is key to the power and widespread applicability of LSTM units.\nLSTM units (or other varieties, like GRUs) can be substituted into any of the network\n\n---\n\n[Izvor 5 | str.292 | data\\book.pdf]\n+\nU\nV\nW\nyt\nxt\nht\nht-1\nFigure 13.2\nSimple recurrent neural network illustrated as a feedforward network. The\nhidden layer ht−1 from the prior time step is multiplied by weight matrix U and then added\nto the feedforward component from the current time step.\n13.1.1\nInference in RNNs\nForward inference (mapping a sequence of inputs to a sequence of outputs) in an\nRNN is nearly identical to what we’ve already seen with feedforward networks. To']",The activation value of the hidden layer in a simple recurrent neural network depends on the current input as well as the activation value of the hidden layer from the previous time step.,The current input and the activation value of the hidden layer from the previous time step.,1.0,1.0,1.0,0.9999999999
How many times is a cell selected from row x to create each virtual test set x(i)?,"['[Izvor 1 | str.95 | data\\book.pdf]\nn = 10. Fig. 4.11 shows a couple of examples. To create each virtual test set x(i), we\nrepeatedly (n = 10 times) select a cell from row x with replacement. For example, to\ncreate the ﬁrst cell of the ﬁrst virtual test set x(1), if we happened to randomly select\nthe second cell of the x row, we would copy the value A\x13B into our new cell, and\nmove on to create the second cell of x(1), each time sampling (randomly choosing)\nfrom the original x with replacement.\n\n---\n\n[Izvor 2 | str.95 | data\\book.pdf]\ntest is that we can create many virtual test sets from an observed test set by repeat-\nedly sampling from it. The method only makes the assumption that the sample is\nrepresentative of the population.\nConsider a tiny text classiﬁcation example with a test set x of 10 documents. The\nﬁrst row of Fig. 4.11 shows the results of two classiﬁers (A and B) on this test set.\nEach document is labeled by one of the four possibilities (A and B both right, both\n\n---\n\n[Izvor 3 | str.96 | data\\book.pdf]\n4.12\n•\nAVOIDING HARMS IN CLASSIFICATION\n89\n1\n2\n3\n4\n5\n6\n7\n8\n9\n10 A% B% δ()\nx\nAB A\x13B AB \x00AB A\x13B \x00AB A\x13B AB \x00A\x13B A\x13B .70\n.50\n.20\nx(1)\nA\x13B AB A\x13B \x00AB \x00AB A\x13B \x00AB AB \x00A\x13B AB .60\n.60\n.00\nx(2)\nA\x13B AB \x00A\x13B \x00AB \x00AB AB \x00AB A\x13B AB AB .60\n.70 -.10\n...\nx(b)\nFigure 4.11\nThe paired bootstrap test: Examples of b pseudo test sets x(i) being created\nfrom an initial true test set x. Each pseudo test set is created by sampling n = 10 times with\n\n---\n\n[Izvor 4 | str.76 | data\\book.pdf]\nvalue in parentheses refers to the example index in some set of data (either for train-\ning or for test). So in this case each test example x(i) has a feature vector x(i),\n1 ≤i ≤m. (As usual, we’ll represent vectors and matrices in bold.)\nOne way to compute ˆy(i) (which is how we refer to P(y(1) = 1), i.e., the prob-\nability that the output for input x(i)i has the value 1), is just to have a for-loop and\ncompute each test example one at a time:\nforeach\nx(i)\nin input [x(1),x(2),...,x(m)]\n\n---\n\n[Izvor 5 | str.93 | data\\book.pdf]\nfolds. We do this sampling process k times and average the test set error rate from\nthese k runs to get an average error rate. If we choose k = 10, we would train 10\ndifferent models (each on 90% of our data), test the model 10 times, and average\nthese 10 values. This is called 10-fold cross-validation.\n10-fold\ncross-validation\nThe only problem with cross-validation is that because all the data is used for\ntesting, we need the whole corpus to be blind; we can’t examine any of the data']",A cell from row x is selected 10 times with replacement to create each virtual test set x(i).,10 times,1.0,0.7359626277299925,1.0,0.9999999999
What is the context window size for transformer-based language models?,"['[Izvor 1 | str.196 | data\\book.pdf]\nlanguage models of Chapter 3 compute the probability of a word given counts of\nits occurrence with the n −1 prior words. The context is thus of size n −1. For\ntransformer language models, the context is the size of the transformer’s context\nwindow, which can be quite large, like 32K tokens for large models (and much larger\ncontexts of millions of words are possible with special long-context architectures).\nThe job of the language modeling head is to take the output of the ﬁnal trans-\n\n---\n\n[Izvor 2 | str.205 | data\\book.pdf]\nthrough a softmax to generate word probabilities.\n• Transformer-based language models have a wide context window (200K to-\nkens or even more for very large models with special mechanisms) allowing\nthem to draw on enormous amounts of context to predict upcoming words.\n• There are various computational tricks for making large language models\nmore efﬁcient, such as the KV cache and parameter-efﬁcient ﬁnetuning.\nHistorical Notes\nThe transformer (Vaswani et al., 2017) was developed drawing on two lines of prior\n\n---\n\n[Izvor 3 | str.209 | data\\book.pdf]\n202\nCHAPTER 9\n•\nMASKED LANGUAGE MODELS\n• Input context window N=512 tokens, and model dimensionality d=1024, hence\nX, the input to the model, is of shape [N ×d] = [512×1024].\n• L=24 layers of transformer blocks, with A=16 multihead attention layers each\n• The resulting model has about 550M parameters.\nNote that 550M parameters is relatively small as large language models go\n(Llama 3 has 405B parameters, so is 3 orders of magnitude bigger). Indeed, masked\n\n---\n\n[Izvor 4 | str.205 | data\\book.pdf]\n• The input to a transformer is computed by adding an embedding (computed\nwith an embedding matrix) to a positional encoding that represents the se-\nquential position of the token in the window.\n• Language models can be built out of stacks of transformer blocks, with a\nlanguage model head at the top, which applies an unembedding matrix to\nthe output H of the top layer to generate the logits, which are then passed\nthrough a softmax to generate word probabilities.\n\n---\n\n[Izvor 5 | str.155 | data\\book.pdf]\n148\nCHAPTER 7\n•\nLARGE LANGUAGE MODELS\ninput \ncontext\noutput\n.44\n.33\nall\nthe\nyour\nthat\n.15\n.08\np(w|context)\nTransformer (or other decoder)\nlong\nand\nthanks\nfor\nSo\n?\nFigure 7.1\nA large language model is a neural network that takes as input a context or\npreﬁx, and outputs a distribution over possible next words.\nmodeling in Chapter 6. A large language model is just a (much) larger version of\nthese. For example, in Chapter 3 we introduced bigram and trigram language mod-']","The context window size for transformer-based language models can be quite large, ranging from 32K tokens for large models to 200K tokens or even more for very large models with special mechanisms.",200K tokens or even more for very large models.,1.0,0.999999636775466,1.0,0.9999999999
What is the training signal for the model in language modeling?,"['[Izvor 1 | str.165 | data\\book.pdf]\ntrain on?\nLanguage models are trained in three stages, as shown in Fig. 7.12:\n\n---\n\n[Izvor 2 | str.373 | data\\book.pdf]\nmodel whose vocabulary includes both speech tokens and text tokens.\nWe train this language model to take as input two sequences, a text transcript\nand a small sample of speech from the desired talker, to tokenize both the text and\nthe speech into discrete tokens, and then to conditionally generate discrete samples\nof the speech corresponding to the text string, in the desired voice.\nAt inference time we prompt this language model with a tokenized text string and\n\n---\n\n[Izvor 3 | str.526 | data\\book.pdf]\ntraining signal can be found in the world, such as ratings assigned by users on\na review site.\n• Words can be assigned weights in a lexicon by using various functions of word\ncounts in training texts, and ratio metrics like log odds ratio informative\nDirichlet prior.\n• Affect can be detected, just like sentiment, by using standard supervised text\nclassiﬁcation techniques, using all the words or bigrams in a text as features.\nAdditional features can be drawn from counts of words in lexicons.\n\n---\n\n[Izvor 4 | str.168 | data\\book.pdf]\n7.5\n•\nTRAINING LARGE LANGUAGE MODELS\n161\npossible next tokens so as to compute the model’s loss for the next token wt+1. Then\nwe move to the next word, we ignore what the model predicted for the next word\nand instead use the correct sequence of tokens w1:t+1 to get the model to estimate the\nprobability of token wt+2. This idea that we always give the model the correct his-\ntory sequence to predict the next word (rather than feeding the model its best guess\n\n---\n\n[Izvor 5 | str.155 | data\\book.pdf]\nels that can predict words from the previous word or handful of words. By contrast,\nlarge language models can predict words given contexts of thousands or even tens\nof thousands of words!\nThe fundamental intuition of language models is that a model that can predict\ntext (assigning a distribution over following words) can also be used to generate text\nby sampling from the distribution. Recall from Chapter 3 that sampling means to\nchoose a word from a distribution.\noutput\n.44\n.33\nall\nthe\nyour\nthat\n.15\n.08']","The training signal for the model in language modeling is derived from the correct sequence of tokens, which allows the model to estimate the probability of the next token based on the previous tokens. This involves computing the model's loss for the next token and using the correct history sequence to predict subsequent words.",The training signal comes from backpropagation from the last token.,1.0,0.9133471728310191,0.0,0.0
What is the goal of chain-of-thought prompting?,"[""[Izvor 1 | str.239 | data\\book.pdf]\n10.4.1\nChain-of-Thought Prompting\nThere is a wide range of techniques to use prompts to improve the performance of\nlanguage models on many tasks. Here we describe one of them, called chain-of-\nthought prompting.\nchain-of-\nthought\nThe goal of chain-of-thought prompting is to improve performance on difﬁcult\nreasoning tasks that language models tend to fail on. The intuition is that people\nsolve these tasks by breaking them down into steps, and so we’d like to have lan-\n\n---\n\n[Izvor 2 | str.240 | data\\book.pdf]\nOptions: (A) 3pm to 5pm \n(B) 11am to 1pm \n(C) 5pm to 6pm \n(D) 1pm to 3pm\nA: Let's think step by step. \nTask Description\nQuestion\nChain-of-Thought\nTest-Time \nQuestion\nTask Description\nQuestion\nTest-Time \nQuestion\nAnswer\nGenerated \nChain-of-Thought\nGenerated \nAnswer\nOptions\nOptions\nFigure 10.11\nExample of the use of chain-of-thought prompting (right) vs standard prompting (left) in a\nreasoning task on temporal sequencing. Figure from Suzgun et al. (2023b).\n\n---\n\n[Izvor 3 | str.239 | data\\book.pdf]\nwhere they learn to follow instructions, and preference alignment, where they learn\nto prefer prompt continuations that are preferred by humans.\nHowever there are also post-training computations we can do even after these\nsteps, during inference, i.e., when the model is generating its output. This class of\npost-training tasks is called test-time compute. We focus here on one representative\ntest-time\ncompute\nexample, chain-of-thought prompting.\n10.4.1\nChain-of-Thought Prompting\n\n---\n\n[Izvor 4 | str.161 | data\\book.pdf]\nsands of tokens) makes them very powerful for conditional generation, because they\ncan look back so far into the prompting text. That means system prompts, and\nprompts in general, can be very long.\nFor example the full system prompt for one language model, Anthropic’s Claude\nOpus4, is 1700 words long and includes sentences like the following:\nClaude should give concise responses to very simple questions,\nbut provide thorough responses to complex and open-ended\nquestions.\n\n---\n\n[Izvor 5 | str.159 | data\\book.pdf]\nprompted. A prompt is a text string that a user issues to a language model to get\nprompt\nthe model to do something useful. In prompting, the user’s prompt string is passed to\nthe language model, which iteratively generates tokens conditioned on the prompt.\nThe process of ﬁnding effective prompts for a task is known as prompt engineering.\nprompt\nengineering\nAs suggested above when we introduced conditional generation, a prompt can\nbe a question (like “What is a transformer network?”), possibly in a struc-""]","The goal of chain-of-thought prompting is to improve performance on difficult reasoning tasks that language models tend to fail on by encouraging the model to break down these tasks into steps, similar to how humans approach problem-solving.",To improve performance on difficult reasoning tasks that language models tend to fail on.,1.0,1.0,1.0,0.9999999999
What is the simplest and most influential architecture discussed in the text?,"['[Izvor 1 | str.306 | data\\book.pdf]\narchitectures described in Section 13.4. And, as with simple RNNs, multi-layered\n\n---\n\n[Izvor 2 | str.306 | data\\book.pdf]\nment with different architectures. To see this, consider Fig. 13.14 which illustrates\nthe inputs and outputs associated with each kind of unit.\nAt the far left, (a) is the basic feedforward unit where a single set of weights and\na single activation function determine its output, and when arranged in a layer there\nare no connections among the units in the layer. Next, (b) represents the unit in a\nsimple recurrent network. Now there are two inputs and an additional set of weights\n\n---\n\n[Izvor 3 | str.156 | data\\book.pdf]\nthese models. Let’s begin, though, by talking about different kinds of language\nmodels.\n7.1\nThree architectures for language models\nThe architecture we sketched above for a left-to-right or autoregressive language\nmodel, which is the language model architecture we will deﬁne in this chapter, is\nactually only one of three common LM architectures.\nThe three architectures are the encoder, the decoder, and the encoder-decoder.\nFig. 7.3 gives a schematic picture of the three.\nw\nw\nw\nw\nw\nw\nw\nw\nw\nw\nw\nw\nw\nw\nw\nw\nw\nw\n\n---\n\n[Izvor 4 | str.374 | data\\book.pdf]\nhow the architecture is trained in Section 16.2.4.\nFig. 16.2 adapted from Mousavi et al. (2025). shows the standard architecture\nof an audio tokenizer. Audio tokenizers take as input an audio waveform, and are\n\n---\n\n[Izvor 5 | str.157 | data\\book.pdf]\ntion in Chapter 12, and for speech recognition in Chapter 15.\nThese three architectures can be built out of many kinds of neural networks.\nThe most widely used network type today is the transformer that we’ll introduce\nin Chapter 8. In a transformer, each input token is processed by a column of trans-\nformer layers, each layer composed of a series of different kinds of subnetworks. In\nChapter 13 we’ll introduce an earlier architecture that is still relevant, the LSTM,']",The simplest and most influential architecture discussed in the text is the basic feedforward unit.,The Mention-Pair Architecture,0.0,1.0,0.0,0.0
What was the influential entity-based system mentioned in the text?,"['[Izvor 1 | str.569 | data\\book.pdf]\nways.\nThe entity grid model of Barzilay and Lapata (2008) is an alternative way to\nentity grid\ncapture entity-based coherence: instead of having a top-down theory, the entity-grid\nmodel using machine learning to induce the patterns of entity mentioning that make\na discourse more coherent.\nThe model is based around an entity grid, a two-dimensional array that repre-\nsents the distribution of entity mentions across sentences. The rows represent sen-\n\n---\n\n[Izvor 2 | str.567 | data\\book.pdf]\nmodels of this kind of entity-based coherence: Centering Theory (Grosz et al.,\nentity-based\n1995), and the entity grid model of Barzilay and Lapata (2008).\n24.3.1\nCentering\nCentering Theory (Grosz et al., 1995) is a theory of both discourse salience and\nCentering\nTheory\ndiscourse coherence. As a model of discourse salience, Centering proposes that at\nany given point in the discourse one of the entities in the discourse model is salient:\n\n---\n\n[Izvor 3 | str.542 | data\\book.pdf]\n23.4.3\nEntity-based Models\nBoth the mention-pair and mention-ranking models make their decisions about men-\ntions. By contrast, entity-based models link each mention not to a previous mention\nbut to a previous discourse entity (cluster of mentions).\nA mention-ranking model can be turned into an entity-ranking model simply\nby having the classiﬁer make its decisions over clusters of mentions rather than\nindividual mentions (Rahman and Ng, 2009).\n\n---\n\n[Izvor 4 | str.557 | data\\book.pdf]\nedge (like the fact that Donald Tsang is a president) to help disambiguate the men-\ntion the President. Ponzetto and Strube (2006) 2007 and Ratinov and Roth (2012)\nshowed that such attributes extracted from Wikipedia pages could be used to build\nricher models of entity mentions in coreference. More recent research shows how to\ndo linking and coreference jointly (Hajishirzi et al. 2013, Zheng et al. 2013) or even\njointly with named entity tagging as well (Durrett and Klein 2014).\n\n---\n\n[Izvor 5 | str.463 | data\\book.pdf]\n456\nCHAPTER 20\n•\nINFORMATION EXTRACTION: RELATIONS, EVENTS, AND TIME\nARTIFACT\nGENERAL\nAFFILIATION\nORG\nAFFILIATION\nPART-\nWHOLE\nPERSON-\nSOCIAL\nPHYSICAL\nLocated\nNear\nBusiness\nFamily\nLasting \nPersonal\nCitizen-\nResident-\nEthnicity-\nReligion\nOrg-Location-\nOrigin\nFounder\nEmployment\nMembership\nOwnership\nStudent-Alum\nInvestor\nUser-Owner-Inventor-\nManufacturer\nGeographical\nSubsidiary\nSports-Affiliation\nFigure 20.1\nThe 17 relations used in the ACE relation extraction task.']","The influential entity-based systems mentioned in the text are Centering Theory (Grosz et al., 1995) and the entity grid model of Barzilay and Lapata (2008).",Lappin and Leass (1994),1.0,0.9460623863200739,0.0,0.0
What are some sources from which the process might come?,"['[Izvor 1 | str.485 | data\\book.pdf]\nMerge references to the same entity or event\nFigure 20.20\nLevels of processing in FASTUS (Hobbs et al., 1997). Each level extracts a\nspeciﬁc type of information which is then passed on to the next higher level.\non hand-built regular expressions like the following (NG indicates Noun-Group and\nVG Verb-Group), which matches the ﬁrst sentence of the news story above.\nNG(Company/ies) VG(Set-up) NG(Joint-Venture) with NG(Company/ies)\nVG(Produce) NG(Product)\n\n---\n\n[Izvor 2 | str.25 | data\\book.pdf]\nprocess might come from newswire, ﬁction or non-ﬁction books, scientiﬁc articles,\nWikipedia, or religious texts. It might come from spoken genres like telephone\nconversations, business meetings, police body-worn cameras, medical interviews,\nor transcripts of television shows or movies. It might come from work situations\nlike doctors’ notes, legal text, or parliamentary or congressional proceedings.\nText also reﬂects the demographic characteristics of the writer (or speaker): their\n\n---\n\n[Izvor 3 | str.469 | data\\book.pdf]\n462\nCHAPTER 20\n•\nINFORMATION EXTRACTION: RELATIONS, EVENTS, AND TIME\nFrom these results, we can use the context of words between the entity mentions,\nthe words before mention one, the word after mention two, and the named entity\ntypes of the two mentions, and perhaps other features, to extract general patterns\nsuch as the following:\n/ [ORG], which uses [LOC] as a hub /\n/ [ORG]’s hub at [LOC] /\n/ [LOC], a main hub for [ORG] /\nThese new patterns can then be used to search for additional tuples.\n\n---\n\n[Izvor 4 | str.489 | data\\book.pdf]\nSOURCE\nThe origin of the object of a transfer event\nGOAL\nThe destination of an object of a transfer event\nFigure 21.1\nSome commonly used thematic roles with their deﬁnitions.\nAlthough thematic roles are one of the oldest linguistic models, as we saw above,\ntheir modern formulation is due to Fillmore (1968) and Gruber (1965). Although\nthere is no universally agreed-upon set of roles, Figs. 21.1 and 21.2 list some the-\nmatic roles that have been used in various computational papers, together with rough\n\n---\n\n[Izvor 5 | str.483 | data\\book.pdf]\n476\nCHAPTER 20\n•\nINFORMATION EXTRACTION: RELATIONS, EVENTS, AND TIME\nsupervised by the gold labels in the TimeBank corpus with features like words/em-\nbeddings, parse paths, tense and aspect The sieve-based architecture using precision-\nranked sets of classiﬁers, which we’ll introduce in Chapter 23, is also commonly\nused.\nSystems that perform all 4 tasks (time extraction creation and normalization,\nevent extraction, and time/event linking) include TARSQI (Verhagen et al., 2005)']","The process might come from various sources including newswire, fiction or non-fiction books, scientific articles, Wikipedia, religious texts, spoken genres like telephone conversations, business meetings, police body-worn cameras, medical interviews, and transcripts of television shows or movies. It can also originate from work situations such as doctors’ notes, legal texts, or parliamentary or congressional proceedings.","Newswire, fiction or non-fiction books, scientific articles, Wikipedia, religious texts, spoken genres like telephone conversations, business meetings, police body-worn cameras, medical interviews, transcripts of television shows or movies, doctors’ notes, legal text, or parliamentary or congressional proceedings.",1.0,0.0,1.0,0.9999999999
Who showed the equivalence of the WFST and the Earley algorithm?,"['[Izvor 1 | str.436 | data\\book.pdf]\nWFST\nKuno (1965) as a data structure that stores the results of all previous computations\nin the course of the parse. Based on a generalization of Cocke’s work, a similar\ndata structure had been independently described in Kay (1967) (and Kay 1973). The\ntop-down application of dynamic programming to parsing was described in Earley’s\nPh.D. dissertation (Earley 1968, Earley 1970). Sheil (1976) showed the equivalence\nof the WFST and the Earley algorithm. Norvig (1991) shows that the efﬁciency of-\n\n---\n\n[Izvor 2 | str.624 | data\\book.pdf]\nWall Street Journal\nspeech recognition of,\n363\nwarping, 363\nwav2vec 2.0, 351\nwaveﬁle format, 321\nweb search, 237\nweight tying, 189, 291\nwell-formed substring\ntable, 429\nWFST, 429\nwh-pronoun, 384\nwikiﬁcation, 540\nwildcard, regular\nexpression, 21\nWinograd Schema, 545\nword\nboundary, regular\nexpression notation,\n21\n\n---\n\n[Izvor 3 | str.455 | data\\book.pdf]\nscore(S,e) =\nN\nX\ni=1\nwi fi(S,e)\nOr more succinctly.\nscore(S,e) = w· f\nGiven this formulation, we need to identify relevant features and train the weights.\nThe features (and feature combinations) used to train edge-factored models mir-\nror those used in training transition-based parsers, such as\n\n---\n\n[Izvor 4 | str.272 | data\\book.pdf]\nwith spaces), and iteratively remove some tokens to get to a desired ﬁnal vocabulary\nsize. The algorithm is complex (involving sufﬁx-trees for efﬁciently storing many\ntokens, and the EM algorithm for iteratively assigning probabilities to tokens), so we\ndon’t give it here, but see Kudo (2018) and Kudo and Richardson (2018b). Roughly\nspeaking the algorithm proceeds iteratively by estimating the probability of each\ntoken, tokenizing the input data using various tokenizations, then removing a per-\n\n---\n\n[Izvor 5 | str.77 | data\\book.pdf]\nand represent the weight vector w as a column vector, we can compute all the outputs\nwith a single matrix multiplication and one addition:\nˆy = σ(Xw +b)\n(4.13)\nYou should convince yourself that Eq. 4.13 computes the same thing as our for-loop\nin Eq. 4.11. For example ˆy(1), the ﬁrst entry of the output vector ˆy, will correctly be:\nˆy(1) = σ\n\x10\n[x(1)\n1 ,x(1)\n2 ,...,x(1)\nf ]·[w1,w2,...,w f ]+b\n\x11\n(4.14)\nNote that we had to reorder X and w from the order they appeared in Eq. 4.5 to']",Sheil (1976) showed the equivalence of the WFST and the Earley algorithm.,Sheil (1976),1.0,0.7928357706852691,1.0,0.9999999999
What is the purpose of calculating the standard deviation of the bootstrap sampled polarity scores?,"['[Izvor 1 | str.516 | data\\book.pdf]\npositive and negative seed sets (for example using B = 50 and choosing 7 of\nthe 10 seed words each time). The standard deviation of the bootstrap sampled\npolarity scores gives a conﬁdence measure.\nidolize\nlove\nadore\nappreciate\nlike\nﬁnd\ndislike\nsee\nnotice\ndisapprove\nabhor\nhate\nloathe\ndespise\nuncover\nidolize\nlove\nadore\nappreciate\nlike\nﬁnd\ndislike\nsee\nnotice\ndisapprove\nabhor\nhate\nloathe\ndespise\nuncover\n(a)\n(b)\nFigure 22.7\n\n---\n\n[Izvor 2 | str.285 | data\\book.pdf]\nused to compare two systems, with the goal of answering questions like: did the\nnew algorithm we just invented improve our MT system? To know if the difference\nbetween the chrF scores of two MT systems is a signiﬁcant difference, we use the\npaired bootstrap test, or the similar randomization test.\nTo get a conﬁdence interval on a single chrF score using the bootstrap test, re-\ncall from Section 4.11 that we take our test set (or devset) and create thousands of\n\n---\n\n[Izvor 3 | str.97 | data\\book.pdf]\nreturn p-value(x)\n# if very few did, our observed δ is probably not accidental\nFigure 4.12\nA version of the paired bootstrap algorithm after Berg-Kirkpatrick et al.\n(2012).\nwere identical except for containing either a common African American ﬁrst name\n(like Shaniqua) or a common European American ﬁrst name (like Stephanie), cho-\nsen from the Caliskan et al. (2017) study discussed in Chapter 5. They found that\nmost systems assigned lower sentiment and more negative emotion to sentences\n\n---\n\n[Izvor 4 | str.516 | data\\book.pdf]\nscore+(wi) =\nrawscore+(wi)\nrawscore+(wi)+rawscore−(wi)\n(22.5)\nIt’s often helpful to standardize the scores to have zero mean and unit variance\nwithin a corpus.\n5. Assign conﬁdence to each score: Because sentiment scores are inﬂuenced by\nthe seed set, we’d like to know how much the score of a word would change if\na different seed set is used. We can use bootstrap sampling to get conﬁdence\nregions, by computing the propagation B times over random subsets of the\n\n---\n\n[Izvor 5 | str.96 | data\\book.pdf]\nthe null hypothesis and conclude A is better than B.\nThe full algorithm for the bootstrap is shown in Fig. 4.12. It is given a test set\nx, a number of samples b, and counts the percentage of the b bootstrap test sets in\nwhich δ(x(i)) > 2δ(x). This percentage then acts as a one-sided empirical p-value.\n4.12\nAvoiding Harms in Classiﬁcation\nIt is important to avoid harms that may result from classiﬁers. One class of harms\nis representational harms (Crawford 2017, Blodgett et al. 2020), harms caused']","The purpose of calculating the standard deviation of the bootstrap sampled polarity scores is to provide a confidence measure regarding the variability of the scores, indicating how much the score of a word might change with different seed sets.",It gives a confidence measure.,1.0,1.0,1.0,0.9999999999
What is the formula for the vote given by anchor b to the candidate annotation a →X?,"['[Izvor 1 | str.549 | data\\book.pdf]\n542\nCHAPTER 23\n•\nCOREFERENCE RESOLUTION AND ENTITY LINKING\nwhere in(x) is the set of Wikipedia pages pointing to x and W is the set of all Wiki-\npedia pages in the collection.\nThe vote given by anchor b to the candidate annotation a →X is the average,\nover all the possible entities of b, of their relatedness to X, weighted by their prior\nprobability:\nvote(b,X) =\n1\n|E(b)|\nX\nY∈E(b)\nrel(X,Y)p(Y|b)\n(23.60)\nThe total relatedness score for a →X is the sum of the votes of all the other anchors\ndetected in q:\n\n---\n\n[Izvor 2 | str.549 | data\\book.pdf]\ndetected in q:\nrelatedness(a →X) =\nX\nb∈Xq\\a\nvote(b,X)\n(23.61)\nTo score a →X, we combine relatedness and prior by choosing the entity X\nthat has the highest relatedness(a →X), ﬁnding other entities within a small ϵ of\nthis value, and from this set, choosing the entity with the highest prior P(X|a). The\nresult of this step is a single entity assigned to each span in q.\nThe TAGME algorithm has one further step of pruning spurious anchor/entity\n\n---\n\n[Izvor 3 | str.548 | data\\book.pdf]\nLet’s see how this works. Given a question q, for each candidate anchors span\na detected in q, we assign a relatedness score to each possible entity e ∈E(a) of a.\nThe relatedness score of the link a →e is the weighted average relatedness between\ne and all other entities in q. Two entities are considered related to the extent their\nWikipedia pages share many in-links. More formally, the relatedness between two\nentities A and B is computed as\nrel(A,B) = log(max(|in(A)|,|in(B)|))−log(|in(A)∩in(B)|)\n\n---\n\n[Izvor 4 | str.184 | data\\book.pdf]\nthe softmax will also assign some weight to those words. Then we use these weights\nas the α values in Eq. 8.6 to compute the weighted sum that is our a3.\nThe simpliﬁed attention in equations 8.6 – 8.8 demonstrates the attention-based\napproach to computing ai: compare the xi to prior vectors, normalize those scores\n\n---\n\n[Izvor 5 | str.541 | data\\book.pdf]\nantecedents (plus ϵ) giving a probability for each candidate antecedent (or none).']","The formula for the vote given by anchor b to the candidate annotation a →X is: 

\[ 
vote(b,X) = \frac{1}{|E(b)|} \sum_{Y \in E(b)} rel(X,Y) p(Y|b) 
\] 

where \( E(b) \) is the set of possible entities of b, \( rel(X,Y) \) is the relatedness between X and Y, and \( p(Y|b) \) is the prior probability of Y given b.","vote(b,X) = (1/|E(b)|) * Σ(Y∈E(b)) rel(X,Y)p(Y|b)",1.0,1.0000000000000002,1.0,0.9999999999
What type of audio does HuBERT use as input?,"['[Izvor 1 | str.355 | data\\book.pdf]\nis passed to the transformer encoder.\nHuBERT (Hsu et al., 2021) uses an alternative front end architecture, in which\nconvolutional layers are used to completely replace the computation of the spectrum.\nSo the input is raw 16kHz sampled audio, and it is passed through seven 512-channel\nlayers with strides [5,2,2,2,2,2,2] and kernel widths [10,3,3,3,3,2,2] which learn both\nto extract spectral information, and to shorten the input sequence by 320x, from\n\n---\n\n[Izvor 2 | str.359 | data\\book.pdf]\n20ms audio timestep to each class. These are then passed through a softmax to get a\nprobability distribution over the classes.\n15.4.2\nLearning for HuBERT\nLet’s ﬁrst discuss how we induce the 100 or 500 phonetic classes that are the target\nof training. To bootstrap these units, HuBERT starts with mel frequency cepstral\ncoefﬁcients, or MFCC vectors, a 39-dimensional feature vector that emphasizes as-\npects of the signal that are relevant for detection of phonetic units. These vectors\n\n---\n\n[Izvor 3 | str.358 | data\\book.pdf]\nAfter they are pretrained, these models can then be ﬁnetuned to do ASR on a smaller\nset of labeled data, audio paired with transcripts. These models have the advantage\nthat they can take advantage of large amounts of untranscribed audio for most of\ntheir training.\nHere we’ll introduce one self-supervised model called HuBERT (Hsu et al.,\nHuBERT\n2021). HuBERT and similar models like wav2vec 2.0 (Baevski et al., 2020) use the\nwav2vec 2.0\n\n---\n\n[Izvor 4 | str.358 | data\\book.pdf]\nframe.\n15.4.1\nHuBERT forward pass\nLet’s ﬁrst show just the forward pass for HuBERT used during training, and then\nwe’ll see this in its full training context with the backwards pass. As discussed\nearlier, the input to the HuBERT forward pass is raw 16kHz waveﬁles as input,\n\n---\n\n[Izvor 5 | str.361 | data\\book.pdf]\n354\nCHAPTER 15\n•\nAUTOMATIC SPEECH RECOGNITION\n…\nh4\nh2\nh1\n…\nhn\n…\nTransformer\nStack\n7 CNN Layers (Frozen)\nh3\nh5\nA\nprojection\nx4\nx2\nx1\nxn\nx3\nx5\nA\nA\nA\nA\nsoftmax\ni\ni\ni\nt\nh\nA\nt\ntarget letters\nFigure 15.11\nThe HuBERT ﬁnetuning pass after pretraining. The projection layer and co-\nsine steps are removed, leaving only a randomly initialized projection/softmax layer. The\nCNN layers are frozen, and the rest of the model is ﬁnetuned on a dataset of audio with tran-']",HuBERT uses raw 16kHz sampled audio as input.,Raw 16kHz sampled audio.,1.0,0.9999997003213545,1.0,0.9999999999
Who introduced recurrence at the hidden layer in a feedforward network?,"['[Izvor 1 | str.315 | data\\book.pdf]\nrecurrence at the hidden layer in a feedforward network (Elman networks) were in-\ntroduced by Elman (1990). Similar architectures were investigated by Jordan (1986)\nwith a recurrence from the output layer, and Mathis and Mozer (1995) with the\naddition of a recurrent context layer prior to the hidden layer. The possibility of\nunrolling a recurrent network into an equivalent feedforward network is discussed\nin (Rumelhart and McClelland, 1986c).\n\n---\n\n[Izvor 2 | str.292 | data\\book.pdf]\n13.1\n•\nRECURRENT NEURAL NETWORKS\n285\nxt\nht\nyt\nFigure 13.1\nSimple recurrent neural network after Elman (1990). The hidden layer in-\ncludes a recurrent connection as part of its input. That is, the activation value of the hidden\nlayer depends on the current input as well as the activation value of the hidden layer from the\nprevious time step.\nsubscripts to represent time, thus xt will mean the input vector x at time t. The key\ndifference from a feedforward network lies in the recurrent link shown in the ﬁgure\n\n---\n\n[Izvor 3 | str.304 | data\\book.pdf]\nusual recurrent hidden layer), and through the use of specialized neural units that\nmake use of gates to control the ﬂow of information into and out of the units that\n\n---\n\n[Izvor 4 | str.292 | data\\book.pdf]\n+\nU\nV\nW\nyt\nxt\nht\nht-1\nFigure 13.2\nSimple recurrent neural network illustrated as a feedforward network. The\nhidden layer ht−1 from the prior time step is multiplied by weight matrix U and then added\nto the feedforward component from the current time step.\n13.1.1\nInference in RNNs\nForward inference (mapping a sequence of inputs to a sequence of outputs) in an\nRNN is nearly identical to what we’ve already seen with feedforward networks. To\n\n---\n\n[Izvor 5 | str.292 | data\\book.pdf]\ninformation extending back to the beginning of the sequence.\nAdding this temporal dimension makes RNNs appear to be more complex than\nnon-recurrent architectures. But in reality, they’re not all that different. Given an\ninput vector and the values for the hidden layer from the previous time step, we’re\nstill performing the standard feedforward calculation introduced in Chapter 6. To\nsee this, consider Fig. 13.2 which clariﬁes the nature of the recurrence and how it']",Recurrence at the hidden layer in a feedforward network was introduced by Elman in 1990.,Elman,1.0,0.9999999999999999,1.0,0.9999999999
